{
    "m_Version": 3,
    "StartingClothing": {
        "EnableCustomClothing": 1,
        "SetRandomHealth": 0,
        "Headgear": [],
        "Glasses": [],
        "Masks": [],
        "Tops": [
            "HikingJacket_Red",
            "HikingJacket_Blue",
            "HikingJacket_Black",
            "HikingJacket_Green"
        ],
        "Vests": [],
        "Gloves": [],
        "Pants": [
            "Jeans_Blue",
            "Jeans_BlueDark",
            "Jeans_Grey",
            "Jeans_Brown",
            "Jeans_Black",
            "Jeans_Green"
        ],
        "Belts": [],
        "Shoes": [
            "HikingBoots_Brown",
            "HikingBoots_Black",
            "MilitaryBoots_Redpunk",
            "MilitaryBoots_Bluerock"
        ],
        "Armbands": [],
        "Backpacks": [
            "ImprovisedBag"
        ]
    },
    "EnableSpawnSelection": 1,
    "SpawnOnTerritory": 0,
    "SpawnLocations": [
        {
            "Name": "Svetloyarsk",
            "Positions": [
                [
                    14273.2001953125,
                    2.4000000953674318,
                    13053.2998046875
                ],
                [
                    14407.2998046875,
                    2.0,
                    13253.0
                ],
                [
                    14142.400390625,
                    3.299999952316284,
                    13290.2001953125
                ],
                [
                    13910.900390625,
                    4.300000190734863,
                    13624.900390625
                ]
            ]
        },
        {
            "Name": "Berezino",
            "Positions": [
                [
                    12915.7001953125,
                    3.4000000953674318,
                    9278.2001953125
                ],
                [
                    13057.2001953125,
                    2.299999952316284,
                    9584.48046875
                ],
                [
                    13052.900390625,
                    6.099999904632568,
                    9894.7001953125
                ],
                [
                    13207.2001953125,
                    2.299999952316284,
                    10193.7001953125
                ]
            ]
        },
        {
            "Name": "Solnich",
            "Positions": [
                [
                    13169.5,
                    3.0756099224090578,
                    7504.02978515625
                ],
                [
                    13274.0,
                    1.7834999561309815,
                    7258.81005859375
                ],
                [
                    13345.599609375,
                    1.8779300451278687,
                    6987.35986328125
                ],
                [
                    13383.0,
                    2.755160093307495,
                    6815.89013671875
                ]
            ]
        },
        {
            "Name": "Solnichniy",
            "Positions": [
                [
                    13529.5,
                    2.251230001449585,
                    6455.60986328125
                ],
                [
                    13484.7001953125,
                    1.746649980545044,
                    5911.08984375
                ],
                [
                    13515.900390625,
                    2.679650068283081,
                    6117.3798828125
                ],
                [
                    13534.7001953125,
                    1.644670009613037,
                    6234.75
                ]
            ]
        },
        {
            "Name": "Kamyshovo",
            "Positions": [
                [
                    12321.900390625,
                    1.9261399507522584,
                    3446.669921875
                ],
                [
                    12188.599609375,
                    1.7272900342941285,
                    3422.330078125
                ],
                [
                    11992.2998046875,
                    1.9820799827575684,
                    3404.550048828125
                ],
                [
                    11859.2998046875,
                    1.901520013809204,
                    3367.7099609375
                ]
            ]
        },
        {
            "Name": "Elektrozavodsk",
            "Positions": [
                [
                    11099.099609375,
                    2.297679901123047,
                    2735.56005859375
                ],
                [
                    10858.400390625,
                    2.911720037460327,
                    2328.2900390625
                ],
                [
                    10490.900390625,
                    1.8468999862670899,
                    1950.1500244140626
                ],
                [
                    9826.8896484375,
                    1.7118200063705445,
                    1757.3699951171876
                ],
                [
                    9428.4599609375,
                    2.2544500827789308,
                    1826.219970703125
                ],
                [
                    9153.5400390625,
                    3.4211199283599855,
                    1914.300048828125
                ]
            ]
        },
        {
            "Name": "Chernogorsk",
            "Positions": [
                [
                    6044.10009765625,
                    6.429999828338623,
                    1871.5
                ],
                [
                    6220.43994140625,
                    1.9178099632263184,
                    2101.1201171875
                ],
                [
                    7118.1201171875,
                    1.824180006980896,
                    2533.969970703125
                ],
                [
                    7419.5,
                    1.7683900594711304,
                    2576.5
                ],
                [
                    8139.25,
                    1.151710033416748,
                    2802.360107421875
                ]
            ]
        },
        {
            "Name": "Balota",
            "Positions": [
                [
                    4654.58984375,
                    1.4597200155258179,
                    2132.8701171875
                ],
                [
                    4543.990234375,
                    1.9016400575637818,
                    2198.169921875
                ],
                [
                    4269.419921875,
                    1.2892299890518189,
                    2245.659912109375
                ],
                [
                    4111.91015625,
                    1.5662599802017213,
                    2193.929931640625
                ]
            ]
        },
        {
            "Name": "Komarovo",
            "Positions": [
                [
                    3887.56005859375,
                    1.5955100059509278,
                    2207.159912109375
                ],
                [
                    3746.659912109375,
                    2.445389986038208,
                    2199.8798828125
                ],
                [
                    3507.419921875,
                    2.0086100101470949,
                    2101.449951171875
                ],
                [
                    3366.989990234375,
                    1.902519941329956,
                    2002.4100341796876
                ]
            ]
        },
        {
            "Name": "Kamenka",