{
    "m_Version": 5,
    "m_ZoneName": "Svetloyarsk",
    "m_DisplayName": "Svetloyarsk Trading Zone",
    "Position": [
        14377.099609375,
        4.099999904632568,
        13272.900390625
    ],
    "Radius": 500.0,
    "BuyPricePercent": 100.0,
    "SellPricePercent": -1.0,
    "Stock": {}
}